{
  "iris": {
    "1": 0.9333333333333333, 
    "0": 0.0, 
    "3": 1.0, 
    "2": 0.3333333333333333, 
    "5": 0.3333333333333333, 
    "4": 0.3333333333333333, 
    "7": 1.0, 
    "6": 0.0, 
    "9": 0.26666666666666666, 
    "8": 0.9333333333333333
  }, 
  "liver-disorders": {
    "1": 0.5142857142857142, 
    "0": 0.3142857142857143, 
    "3": 0.6285714285714286, 
    "2": 0.42857142857142855, 
    "5": 0.4117647058823529, 
    "4": 0.4, 
    "7": 0.6764705882352942, 
    "6": 0.7058823529411765, 
    "9": 0.3235294117647059, 
    "8": 0.6176470588235294
  }, 
  "sensor_readings_2": {
    "1": 0.0, 
    "0": 0.21206581352833637, 
    "3": 0.4643510054844607, 
    "2": 1.0, 
    "5": 0.06043956043956044, 
    "4": 0.44424131627056673, 
    "7": 0.44485294117647056, 
    "6": 0.0, 
    "9": 0.15101289134438306, 
    "8": 0.46408839779005523
  }, 
  "transfusion": {
    "1": 0.8133333333333334, 
    "0": 0.25333333333333335, 
    "3": 0.8133333333333334, 
    "2": 0.7066666666666667, 
    "5": 0.22666666666666666, 
    "4": 0.28, 
    "7": 0.8, 
    "6": 0.2, 
    "9": 0.20270270270270271, 
    "8": 0.1891891891891892
  }, 
  "vehicle": {
    "1": 0.09302325581395349, 
    "0": 0.03488372093023256, 
    "3": 0.10588235294117647, 
    "2": 0.15294117647058825, 
    "5": 0.047058823529411764, 
    "4": 0.2, 
    "7": 0.08333333333333333, 
    "6": 0.07058823529411765, 
    "9": 0.2073170731707317, 
    "8": 0.08433734939759036
  }, 
  "balance-scale": {
    "1": 0.06349206349206349, 
    "0": 0.09523809523809523, 
    "3": 0.14285714285714285, 
    "2": 0.07936507936507936, 
    "5": 0.09523809523809523, 
    "4": 0.09523809523809523, 
    "7": 0.38095238095238093, 
    "6": 0.12698412698412698, 
    "9": 0.8333333333333334, 
    "8": 0.11475409836065574
  }, 
  "sensor_readings_4": {
    "1": 0.0603290676416819, 
    "0": 0.0, 
    "3": 0.44424131627056673, 
    "2": 0.21206581352833637, 
    "5": 0.44505494505494503, 
    "4": 0.44424131627056673, 
    "7": 0.4650735294117647, 
    "6": 0.21100917431192662, 
    "9": 0.0, 
    "8": 0.20994475138121546
  }, 
  "ionosphere": {
    "1": 0.9166666666666666, 
    "0": 0.9166666666666666, 
    "3": 0.08333333333333333, 
    "2": 0.1388888888888889, 
    "5": 0.8, 
    "4": 0.8055555555555556, 
    "7": 0.08823529411764706, 
    "6": 0.08823529411764706, 
    "9": 0.20588235294117646, 
    "8": 0.8823529411764706
  }, 
  "kdd_synthetic_control": {
    "1": 0.16666666666666666, 
    "0": 0.31666666666666665, 
    "3": 0.3333333333333333, 
    "2": 0.0, 
    "5": 0.31666666666666665, 
    "4": 0.0, 
    "7": 0.31666666666666665, 
    "6": 0.18333333333333332, 
    "9": 0.3333333333333333, 
    "8": 0.16666666666666666
  }, 
  "hayes-roth-full": {
    "1": 0.35294117647058826, 
    "0": 0.2777777777777778, 
    "3": 0.8823529411764706, 
    "2": 0.23529411764705882, 
    "5": 0.8666666666666667, 
    "4": 0.3125, 
    "7": 0.0, 
    "6": 0.13333333333333333, 
    "9": 0.13333333333333333, 
    "8": 0.26666666666666666
  }, 
  "sonar": {
    "1": 0.7619047619047619, 
    "0": 0.6818181818181818, 
    "3": 0.23809523809523808, 
    "2": 0.8095238095238095, 
    "5": 0.7142857142857143, 
    "4": 0.7619047619047619, 
    "7": 0.25, 
    "6": 0.6666666666666666, 
    "9": 0.25, 
    "8": 0.25
  }, 
  "heart-statlog": {
    "1": 0.1111111111111111, 
    "0": 0.7777777777777778, 
    "3": 0.7037037037037037, 
    "2": 0.2222222222222222, 
    "5": 0.8518518518518519, 
    "4": 0.8148148148148148, 
    "7": 0.18518518518518517, 
    "6": 0.7407407407407407, 
    "9": 0.14814814814814814, 
    "8": 0.7777777777777778
  }, 
  "wine": {
    "1": 0.05555555555555555, 
    "0": 0.3684210526315789, 
    "3": 0.05555555555555555, 
    "2": 1.0, 
    "5": 0.3333333333333333, 
    "4": 0.3333333333333333, 
    "7": 0.05555555555555555, 
    "6": 0.3888888888888889, 
    "9": 0.125, 
    "8": 0.4117647058823529
  }, 
  "column_3C_weka": {
    "1": 0.0967741935483871, 
    "0": 0.6774193548387096, 
    "3": 0.25806451612903225, 
    "2": 0.16129032258064516, 
    "5": 0.12903225806451613, 
    "4": 0.22580645161290322, 
    "7": 0.0967741935483871, 
    "6": 0.5806451612903226, 
    "9": 0.5806451612903226, 
    "8": 0.06451612903225806
  }, 
  "column_2C_weka": {
    "1": 0.7741935483870968, 
    "0": 0.8387096774193549, 
    "3": 0.8387096774193549, 
    "2": 0.1935483870967742, 
    "5": 0.8709677419354839, 
    "4": 0.2903225806451613, 
    "7": 0.6774193548387096, 
    "6": 0.9032258064516129, 
    "9": 0.0967741935483871, 
    "8": 0.9032258064516129
  }, 
  "diabetes": {
    "1": 0.7792207792207793, 
    "0": 0.6883116883116883, 
    "3": 0.7402597402597403, 
    "2": 0.7402597402597403, 
    "5": 0.2597402597402597, 
    "4": 0.35064935064935066, 
    "7": 0.3246753246753247, 
    "6": 0.19480519480519481, 
    "9": 0.7763157894736842, 
    "8": 0.15789473684210525
  }
}